"Wall_Clock_seconds","h.m.s","max_rss","max_vms","max_uss","max_pss","io_in","io_out","mean_load","cpu_time","Threads","Run","Sample"
428.0148,"0:07:08",3449.06,9067.87,3433.33,3434.9,0,2509.01,384.17,2437.52,"16","dragonflye_hybrid","ATCC_10708"
577.8422,"0:09:37",3677.91,8494.09,3586.36,3602.68,0,2972.43,345.24,2310.83,"8","dragonflye_hybrid","ATCC_10708"
402.4483,"0:06:42",3814.93,9067.83,3723.82,3740.42,457.32,2154.71,425.34,2248.85,"16","dragonflye_long","ATCC_10708"
528.0399,"0:08:48",3796.23,8494.07,3705.19,3721.63,0,2154.73,373.92,2371.14,"8","dragonflye_long","ATCC_10708"
1208.9749,"0:20:08",3580.25,28740.38,3550.86,3557.69,381.57,23083.52,179.41,3285.8,"16","hybracter_hybrid","ATCC_10708"
1619.4427,"0:26:59",3964.5,27039.26,3836.07,3865.31,389.97,23172.5,187.65,4496.99,"8","hybracter_hybrid","ATCC_10708"
1068.036,"0:17:48",3582.44,28351.69,3552.99,3559.85,2.32,5655.84,235.85,3375.85,"16","hybracter_long","ATCC_10708"
1144.9643,"0:19:04",3998.15,26871.69,3873.29,3900.79,0.09,5657.54,242.59,3656.99,"8","hybracter_long","ATCC_10708"
4381.6842,"1:13:01",7937.02,14065.94,7920.71,7925.74,91.06,167517.04,1131.63,52715.04,"16","unicycler","ATCC_10708"
7461.3314,"2:04:21",4379.34,7943.94,4378.23,4382.03,621.92,170478.3,634.25,49287.81,"8","unicycler","ATCC_10708"
320.4959,"0:05:20",3757.86,9054.29,3662.2,3680.39,0,3463.1,388.03,1425.92,"16","dragonflye_hybrid","ATCC_17802"
535.6867,"0:08:55",3184.13,8480.51,3083.71,3103.79,0,3487.87,348.78,1990.22,"8","dragonflye_hybrid","ATCC_17802"
333.3694,"0:05:33",3227.58,9054.3,3146.82,3163.6,487.53,2157.58,389.2,1890.11,"16","dragonflye_long","ATCC_17802"
429.9575,"0:07:09",3952.37,8480.54,3854.75,3873.23,12.18,2152.47,298.6,1677.29,"8","dragonflye_long","ATCC_17802"
1134.6847,"0:18:54",3796.73,28775.88,3682.4,3707.25,673.47,22347.71,156.26,3037.88,"16","hybracter_hybrid","ATCC_17802"
1633.6238,"0:27:13",4568.99,27125.8,4440.3,4467.81,0.13,22266.47,192.22,5233.08,"8","hybracter_hybrid","ATCC_17802"
675.9989,"0:11:15",3991.63,15101.43,3877.97,3902.43,9.61,13682.12,215.58,2418.52,"16","hybracter_long","ATCC_17802"
943.5728,"0:15:43",3853.64,24891.57,3710.16,3746.78,0.18,13487.74,218.12,3164.46,"8","hybracter_long","ATCC_17802"
4021.5113,"1:07:01",9383.22,14062.93,9367.42,9372.44,387.79,155232.52,1100.67,47460.8,"16","unicycler","ATCC_17802"
7481.0577,"2:04:41",5483.36,7845.3,5464.82,5468.05,601.02,157993.75,636.95,49360.77,"8","unicycler","ATCC_17802"
414.0457,"0:06:54",3582.05,9068.96,3473.68,3491.16,491.81,3586.67,519.78,2565.49,"16","dragonflye_hybrid","ATCC_25922"
607.8744,"0:10:07",3336.44,8495.17,3226.62,3244.58,0,3130.93,353.56,2652.99,"8","dragonflye_hybrid","ATCC_25922"
390.2993,"0:06:30",4117.17,9004.95,4008.77,4026.45,496.32,2301.51,579.78,2498.87,"16","dragonflye_long","ATCC_25922"
568.9932,"0:09:28",3965.11,8495.18,3856.19,3874.22,0,2296.05,363.05,2347.15,"8","dragonflye_long","ATCC_25922"
1369.0154,"0:22:49",4070.77,25974.35,3944.89,3968.22,0.04,36470.96,147.73,3269.27,"16","hybracter_hybrid","ATCC_25922"
1979.441,"0:32:59",4285.54,27045.11,4144.59,4171.35,0.07,36538.36,173.91,6071.46,"8","hybracter_hybrid","ATCC_25922"
763.3748,"0:12:43",4339.48,26068.39,4213.63,4237.06,5.07,6128.34,301.32,2584.55,"16","hybracter_long","ATCC_25922"
1156.9189,"0:19:16",4224.34,27551.41,4086.25,4113.02,3.44,6323.3,348.63,4914.54,"8","hybracter_long","ATCC_25922"
5438.3058,"1:30:38",9183.27,14063.83,9163.93,9169.05,498.32,182906.45,1210.75,68993.79,"16","unicycler","ATCC_25922"
10096.3899,"2:48:16",4891.76,8169.84,4875.46,4878.68,0,186074.89,676.44,69511.75,"8","unicycler","ATCC_25922"
212.6344,"0:03:32",1499.31,8935.35,1453.34,1467.3,166.38,803.76,122.51,553.86,"16","dragonflye_hybrid","ATCC_33560"
242.0951,"0:04:02",1448.21,8425.59,1400.66,1415.26,0,799.99,37.27,444.13,"8","dragonflye_hybrid","ATCC_33560"
201.9944,"0:03:21",1499.88,8999.36,1453.7,1467.69,0,803.76,130.56,561.15,"16","dragonflye_long","ATCC_33560"
231.9737,"0:03:51",1589.07,8425.59,1567.93,1569.17,0,800,43.52,453.61,"8","dragonflye_long","ATCC_33560"
557.811,"0:09:17",2229.41,26237.14,2195.73,2205.56,10.95,6647.11,66.39,708.65,"16","hybracter_hybrid","ATCC_33560"
660.1679,"0:11:00",1763.87,3273.14,1722.26,1732.37,0.13,6539.24,58.95,724.49,"8","hybracter_hybrid","ATCC_33560"
402.4469,"0:06:42",3005.77,27631.31,2973.45,2983.44,0.05,3805.58,90.18,597.48,"16","hybracter_long","ATCC_33560"
612.9443,"0:10:12",1647.09,24677.54,1576.73,1596.58,0.58,3802.86,113.82,1099.81,"8","hybracter_long","ATCC_33560"
1297.5558,"0:21:37",3370.98,10841.22,3362.84,3362.97,0,35466.77,787.25,12275.84,"16","unicycler","ATCC_33560"
2348.6581,"0:39:08",2674.37,6133.15,2657.4,2660.66,206.71,35448.3,526.57,13833.61,"8","unicycler","ATCC_33560"
271.1781,"0:04:31",2006.45,8993.51,1998.81,1999.38,494.64,1512.41,154.26,758.16,"16","dragonflye_hybrid","ATCC_BAA_679"
372.6844,"0:06:12",2363.75,8419.77,2290.5,2306.21,247.3,1499.2,192.06,1157.75,"8","dragonflye_hybrid","ATCC_BAA_679"
250.3138,"0:04:10",1930.12,8993.53,1923.16,1923.85,0,1368.21,167.63,743.82,"16","dragonflye_long","ATCC_BAA_679"
331.5462,"0:05:31",2361.85,8419.75,2289.49,2305.04,0,1360.69,191.63,772.33,"8","dragonflye_long","ATCC_BAA_679"
770.2079,"0:12:50",2963.15,27627.57,2936.32,2942.84,19.3,12998.87,98.73,1793.23,"16","hybracter_hybrid","ATCC_BAA_679"
1045.8019,"0:17:25",3145.14,26726.59,3098.53,3112.77,3.45,12904.36,100.78,1940.46,"8","hybracter_hybrid","ATCC_BAA_679"
471.0973,"0:07:51",2844.19,5194.69,2814.91,2822.33,0.07,5127.26,169.25,1330.41,"16","hybracter_long","ATCC_BAA_679"
737.6387,"0:12:17",2478.52,7284.2,2377.73,2402.54,0.06,5097.91,170.63,1998.95,"8","hybracter_long","ATCC_BAA_679"
2085.7968,"0:34:45",4196.64,13164.82,4181.08,4186.06,0,67923.16,942.42,21885.71,"16","unicycler","ATCC_BAA_679"
3436.8463,"0:57:16",4532.58,6822.14,4515.18,4519.01,354.09,72496.48,574.46,21774.45,"8","unicycler","ATCC_BAA_679"
335.8157,"0:05:35",3260.7,9040.2,3170.78,3187.08,0,2580.47,384.42,1983.03,"16","dragonflye_hybrid","H37R2"
479.2849,"0:07:59",3707.36,8466.42,3616.67,3633.85,0.01,3228.53,333.1,1964.35,"8","dragonflye_hybrid","H37R2"
301.9859,"0:05:01",3246.86,8976.2,3240.21,3240.87,0,1967.66,424.73,1917.31,"16","dragonflye_long","H37R2"
476.2334,"0:07:56",3750.41,8466.41,3658.12,3675.55,0,1975.25,364.82,2270.08,"8","dragonflye_long","H37R2"
1212.7709,"0:20:12",4008.36,58800.51,3901.85,3924.22,6.83,19624.98,168.77,3652.81,"16","hybracter_hybrid","H37R2"
1853.2344,"0:30:53",3986.76,27117.88,3867.54,3893.43,0.19,19823.25,219.04,5311.16,"8","hybracter_hybrid","H37R2"
816.6864,"0:13:36",4041.54,27782.32,3934.21,3956.83,1.07,4735.22,158.58,2028.56,"16","hybracter_long","H37R2"
1246.9605,"0:20:46",3712.89,27457.52,3594.76,3619.99,0.41,4751.12,227.11,3637.92,"8","hybracter_long","H37R2"
2917.1959,"0:48:37",6174.09,13559.39,6171.95,6172.07,0,50145.77,1163.41,37227.36,"16","unicycler","H37R2"
3980.532,"1:06:20",5814.37,6582.32,5809.39,5809.53,0.29,51142.01,645.25,27569.59,"8","unicycler","H37R2"
285.6436,"0:04:45",2266.5,8934.38,2205.19,2220.91,427,2216.25,256.99,1254.56,"16","dragonflye_hybrid","JKD6159_R10"
364.5073,"0:06:04",2079.8,8424.6,2066.23,2067.22,141.04,1480,214.04,1060.85,"8","dragonflye_hybrid","JKD6159_R10"
257.6434,"0:04:17",2293.88,8998.38,2233.71,2249.15,0.02,1302.31,460.06,1371.72,"16","dragonflye_long","JKD6159_R10"
389.0862,"0:06:29",2141.99,8424.62,2110.79,2111.97,0,1302.52,252.55,1195.5,"8","dragonflye_long","JKD6159_R10"
851.7766,"0:14:11",2650.03,14889.24,2620.68,2627.61,5.34,13862.16,134.78,1750.42,"16","hybracter_hybrid","JKD6159_R10"
1127.8851,"0:18:47",2309.35,7308.42,2222.59,2246.2,0.21,13982.66,140,2436.06,"8","hybracter_hybrid","JKD6159_R10"
581.7797,"0:09:41",3402.33,25877.29,3373.12,3380.42,0.1,3210.7,183.43,1495.68,"16","hybracter_long","JKD6159_R10"
836.5354,"0:13:56",3233.48,26443.33,3191.21,3204.03,0.8,3538.25,162.36,2160.3,"8","hybracter_long","JKD6159_R10"
2013.7771,"0:33:33",4224.4,13034.96,4209.09,4214.08,0,31581.6,1139.72,24378.97,"16","unicycler","JKD6159_R10"
3791.9469,"1:03:11",2830.14,5975.8,2813.31,2816.63,151.25,31563.16,641.29,26277.31,"8","unicycler","JKD6159_R10"
493.2932,"0:08:13",2283.92,9021.92,2224.05,2238.9,246.29,1321.77,380.32,2369.4,"16","dragonflye_hybrid","JKD6159_R9"
653.342,"0:10:53",1933.4,8448.16,1920.58,1921.88,0,2227.84,310.5,2448.36,"8","dragonflye_hybrid","JKD6159_R9"
467.9456,"0:07:47",2321.32,9021.92,2261.74,2276.68,0,1321.75,418.5,2522.83,"16","dragonflye_long","JKD6159_R9"
604.5897,"0:10:04",2249.17,8448.25,2192.03,2204.03,0,1322,290.99,2239.69,"8","dragonflye_long","JKD6159_R9"
1012.5622,"0:16:52",6324.82,8624.08,6288.67,6295.57,0.19,13375.27,168.28,2320.09,"16","hybracter_hybrid","JKD6159_R9"
1223.0202,"0:20:23",3635.16,9325.77,3572.59,3593.02,0.1,13471.6,124.41,2425.95,"8","hybracter_hybrid","JKD6159_R9"
738.6849,"0:12:18",5988.97,7959.69,5958.13,5965.16,0.06,3547.6,227.49,2254.13,"16","hybracter_long","JKD6159_R9"
994.8432,"0:16:34",4718.02,27059.39,4655.43,4676.57,2.66,3423.8,185.99,2694.55,"8","hybracter_long","JKD6159_R9"
2524.8347,"0:42:04",4467.81,13033.96,4484.83,4484.96,0,32143.78,1223.97,32676.29,"16","unicycler","JKD6159_R9"
4118.9781,"1:08:38",4065.34,6059.44,4062.84,4062.97,123.39,32125.26,646.16,28402.74,"8","unicycler","JKD6159_R9"
511.2882,"0:08:31",3833.2,9065.62,3738.93,3756.2,0,2705.53,390.99,2826.61,"16","dragonflye_hybrid","Lerminiaux_isolateA"
813.814,"0:13:33",3939.29,8491.84,3834.59,3856.58,0.12,3014.77,355.54,3232.42,"8","dragonflye_hybrid","Lerminiaux_isolateA"
493.7189,"0:08:13",3808.75,9001.63,3713.92,3731.17,0,2519.38,404.64,2751.87,"16","dragonflye_long","Lerminiaux_isolateA"
668.7306,"0:11:08",3888.73,8491.85,3783.16,3805.41,0.01,2519.34,320.72,2679.61,"8","dragonflye_long","Lerminiaux_isolateA"
1625.7906,"0:27:05",3941.06,28657.84,3829.99,3852.55,14.57,17416.54,505.05,9093.4,"16","hybracter_hybrid","Lerminiaux_isolateA"
2492.2927,"0:41:32",4033.49,27030.08,3906.74,3934.94,14.69,17600.76,350.61,9903.88,"8","hybracter_hybrid","Lerminiaux_isolateA"
1668.4357,"0:27:48",3967.75,17442.89,3855.91,3878.94,2.29,7977.07,650.13,11816.13,"16","hybracter_long","Lerminiaux_isolateA"
2879.2555,"0:47:59",4098.24,27442.45,4056.11,4065.99,3.48,7959.5,402.53,12797.84,"8","hybracter_long","Lerminiaux_isolateA"
4642.9213,"1:17:22",5071.82,13032.7,5069.55,5069.68,681.86,46890.74,1299.22,63038.91,"16","unicycler","Lerminiaux_isolateA"
8556.631,"2:22:36",4221.75,6567.77,4195.57,4198.41,681.86,46872.49,701.82,61695.62,"8","unicycler","Lerminiaux_isolateA"
462.1149,"0:07:42",2953.54,9059.19,2943.68,2944.44,737.66,2572.95,365.96,2197.59,"16","dragonflye_hybrid","Lerminiaux_isolateB"
671.7399,"0:11:11",3810.8,8485.3,3714.31,3731.79,379.44,2788.42,297.12,2432.82,"8","dragonflye_hybrid","Lerminiaux_isolateB"
438.4375,"0:07:18",3030.3,9059.07,2966.58,2967.38,0.03,2526.34,414.03,2530.98,"16","dragonflye_long","Lerminiaux_isolateB"
741.0828,"0:12:21",3295.29,8485.41,3198.43,3216.02,7.71,2524.14,390.9,3033.14,"8","dragonflye_long","Lerminiaux_isolateB"
2236.189,"0:37:16",3702.3,28670.2,3579.3,3607.05,8.08,23192.13,727.73,17560.78,"16","hybracter_hybrid","Lerminiaux_isolateB"
3348.771,"0:55:48",3871.95,27492.55,3745.48,3772.18,8.54,23168.02,471.51,17047.84,"8","hybracter_hybrid","Lerminiaux_isolateB"
2463.226,"0:41:03",3715.37,15157.32,3591.75,3619.56,1.65,8902.52,625.67,16423.03,"16","hybracter_long","Lerminiaux_isolateB"
3584.2825,"0:59:44",4495.89,27170.31,4453.42,4463.79,20.37,8882.95,424.54,16501.87,"8","hybracter_long","Lerminiaux_isolateB"
4637.7012,"1:17:17",6611.57,13803.9,6596.15,6601.17,0,52926.76,1226.62,59746.99,"16","unicycler","Lerminiaux_isolateB"
8393.9594,"2:19:53",4872.69,6827.84,4881.41,4884.67,759.09,54590.82,688.69,59291.21,"8","unicycler","Lerminiaux_isolateB"
274.7034,"0:04:34",1374.74,9011.66,1364.6,1365.4,0,1212.2,244.63,952.78,"16","dragonflye_hybrid","Lerminiaux_isolateC"
370.7792,"0:06:10",2320.71,8437.88,2223.5,2241.36,0,1780.16,206.33,1021.25,"8","dragonflye_hybrid","Lerminiaux_isolateC"
244.6782,"0:04:04",1374.05,8947.64,1364.37,1365.12,0,906.66,275.94,925.7,"16","dragonflye_long","Lerminiaux_isolateC"
298.7986,"0:04:58",2230.68,8373.86,2147.88,2165.51,0,906.64,104.8,688.1,"8","dragonflye_long","Lerminiaux_isolateC"
2154.7666,"0:35:54",3534.46,28380.05,3503.15,3512.78,17.07,20910.36,357.52,8659.09,"16","hybracter_hybrid","Lerminiaux_isolateC"
2797.5575,"0:46:37",3316.31,27413.28,3268.66,3282.73,0.11,20842.5,260.09,7958.28,"8","hybracter_hybrid","Lerminiaux_isolateC"
1459.1532,"0:24:19",3056.25,14379.58,3000.09,3011.77,0.35,3871,611.61,9404.26,"16","hybracter_long","Lerminiaux_isolateC"
1853.8028,"0:30:53",3976.92,11586.86,3934.35,3944.93,0.08,3865.41,436.7,8665.18,"8","hybracter_long","Lerminiaux_isolateC"
3169.4165,"0:52:49",7943.23,14065.56,7928.23,7933.21,447.95,43389.55,737.61,26393.73,"16","unicycler","Lerminiaux_isolateC"
5234.4705,"1:27:14",4685.21,6833.5,4668.09,4671.89,354.85,44952.73,500.07,27816.06,"8","unicycler","Lerminiaux_isolateC"
534.5076,"0:08:54",3952.97,9059.64,3857.15,3874.73,0.01,3562.75,339.22,2642.05,"16","dragonflye_hybrid","Lerminiaux_isolateD"
724.9634,"0:12:04",3995.14,8485.89,3900.16,3917.52,0,3209.41,357.38,2883.01,"8","dragonflye_hybrid","Lerminiaux_isolateD"
508.0369,"0:08:28",3954.52,9059.62,3857.82,3875.42,0,2513.72,356.66,2653.6,"16","dragonflye_long","Lerminiaux_isolateD"
707.1755,"0:11:47",4012.37,8386.14,3917.21,3934.74,0,2528.1,347.76,3005.94,"8","dragonflye_long","Lerminiaux_isolateD"
1809.1204,"0:30:09",3924.74,25808.53,3809.4,3834.88,94.73,20953.32,554.63,11237.3,"16","hybracter_hybrid","Lerminiaux_isolateD"
2754.8474,"0:45:54",3963.24,27479.65,3836.3,3863.12,28.96,21154.42,386.84,12015.49,"8","hybracter_hybrid","Lerminiaux_isolateD"
1939.4495,"0:32:19",4283.73,17927.92,4167.82,4193.31,86.92,7610.71,488.35,10971.91,"16","hybracter_long","Lerminiaux_isolateD"
2588.0236,"0:43:08",3524.43,27535.79,3481.05,3493.39,0.07,7597.27,369.21,10327.43,"8","hybracter_long","Lerminiaux_isolateD"
4611.6985,"1:16:51",7091.89,13803.44,7076.29,7081.42,518.45,57712.03,1262.38,60040.21,"16","unicycler","Lerminiaux_isolateD"
8429.8018,"2:20:29",4722.73,6828.57,4705.57,4709.35,758.11,59434.54,688.89,59490.61,"8","unicycler","Lerminiaux_isolateD"
512.5265,"0:08:32",3520.01,9064.43,3425.45,3442.14,764.31,3323.23,450.84,2875.48,"16","dragonflye_hybrid","Lerminiaux_isolateE"
666.5484,"0:11:06",4198.68,8490.67,4072.95,4091.12,381.88,3324.12,374.94,2783.71,"8","dragonflye_hybrid","Lerminiaux_isolateE"
487.3387,"0:08:07",4238.71,9000.32,4129.63,4146.8,0,2535.75,402.28,2615.13,"16","dragonflye_long","Lerminiaux_isolateE"
661.7834,"0:11:01",4158.73,8490.55,4045.68,4064.81,0.01,2535.34,360.45,2751.79,"8","dragonflye_long","Lerminiaux_isolateE"
1763.1912,"0:29:23",5254.45,26157.82,5924.17,5935.79,22.25,23156.6,490.21,10488.13,"16","hybracter_hybrid","Lerminiaux_isolateE"
2525.0891,"0:42:05",4592.26,7911.5,4442,4474.22,21.47,22917.32,370.53,10784.98,"8","hybracter_hybrid","Lerminiaux_isolateE"
1591.8121,"0:26:31",5124.05,28675.89,5272.39,5283.92,0.05,7836.13,563.13,10934.79,"16","hybracter_long","Lerminiaux_isolateE"
2169.6098,"0:36:09",4116.9,27661.98,3976.28,4003.21,0.04,7785.15,431.61,10576.74,"8","hybracter_long","Lerminiaux_isolateE"
3915.4209,"1:05:15",7327.33,13304.29,7533.46,7533.59,0,41874.36,1282.05,51662.16,"16","unicycler","Lerminiaux_isolateE"
7258.7733,"2:00:58",4828.84,8209.64,4774.78,4778.01,764.31,42215.89,693.8,52022.34,"8","unicycler","Lerminiaux_isolateE"
458.1529,"0:07:38",2399.54,9006.96,2389.65,2390.4,0.02,1396.39,473,2401.39,"16","dragonflye_hybrid","Lerminiaux_isolateF"
691.7343,"0:11:31",3347.41,8433.21,3220.99,3239.6,0,1586.88,309.74,2488.88,"8","dragonflye_hybrid","Lerminiaux_isolateF"
437.8995,"0:07:17",2397.98,9006.96,2387.26,2388.06,0,1397.09,492.62,2590.2,"16","dragonflye_long","Lerminiaux_isolateF"
582.9222,"0:09:42",3167.79,8433.21,3054.3,3072.75,0,1397.91,292.85,1966.36,"8","dragonflye_long","Lerminiaux_isolateF"
2230.4032,"0:37:10",5028.39,27199.38,4969.6,4981.21,66.07,18386.76,859.79,20173.92,"16","hybracter_hybrid","Lerminiaux_isolateF"
3223.2105,"0:53:43",4296.7,26970.15,4238.39,4252.65,74.57,18366.76,518.07,17505.83,"8","hybracter_hybrid","Lerminiaux_isolateF"
2273.3823,"0:37:53",5118.23,28300.85,5044.71,5056.3,1.93,7133.94,910.03,22084.58,"16","hybracter_long","Lerminiaux_isolateF"
3429.438,"0:57:09",4644.28,26763.93,4557.18,4571.21,6.57,7103.48,562.68,20019.44,"8","hybracter_long","Lerminiaux_isolateF"
3159.3498,"0:52:39",6979.97,10982.27,6958.7,6958.83,0,42191.13,1129.62,38393.94,"16","unicycler","Lerminiaux_isolateF"
5474.7143,"1:31:14",4709.33,6567.23,4688.45,4690.53,294.41,42570.27,662.42,37781.92,"8","unicycler","Lerminiaux_isolateF"
568.343,"0:09:28",3176.73,9058.91,3093.33,3110.71,18.56,3943.94,474.26,3428.8,"16","dragonflye_hybrid","Lerminiaux_isolateG"
784.0586,"0:13:04",3662.43,8485.14,3562.42,3580.54,0,3633.27,335.67,3109.23,"8","dragonflye_hybrid","Lerminiaux_isolateG"
535.625,"0:08:55",3900.3,9058.9,3803.68,3821.13,518.1,2521.8,497.51,3230.79,"16","dragonflye_long","Lerminiaux_isolateG"
812.3265,"0:13:32",3771.38,8485.11,3672.63,3690.69,0.04,2522.04,378.38,3394.31,"8","dragonflye_long","Lerminiaux_isolateG"
2248.5569,"0:37:28",3400.94,28775.86,3369.7,3379.58,32.79,31175.65,514.01,14324.73,"16","hybracter_hybrid","Lerminiaux_isolateG"
3190.0393,"0:53:10",3861.93,27109.42,3735.39,3762.18,6.72,31153.91,346.69,13130.35,"8","hybracter_hybrid","Lerminiaux_isolateG"
2271.4546,"0:37:51",3476.77,27766.34,3452.54,3459.07,1.18,8844.09,553.64,14100.22,"16","hybracter_long","Lerminiaux_isolateG"
3145.9388,"0:52:25",4426.72,12004.57,4360.32,4381.54,2.36,8897.28,378.03,12956.5,"8","hybracter_long","Lerminiaux_isolateG"
5087.0969,"1:24:47",8562.12,14066.04,8546.68,8551.68,0,69086.73,1102.27,59736.7,"16","unicycler","Lerminiaux_isolateG"
8882.1429,"2:28:02",4649.47,6832.97,4632.21,4635.99,830.25,73031.61,642.39,58719.92,"8","unicycler","Lerminiaux_isolateG"
428.3215,"0:07:08",3934.57,9060.82,3822.98,3840.84,0,2786.74,339.27,2197.4,"16","dragonflye_hybrid","Lerminiaux_isolateH"
656.1323,"0:10:56",3992.01,8487.05,3881.6,3899.91,398.69,3790.31,321.47,2641.1,"8","dragonflye_hybrid","Lerminiaux_isolateH"
399.5459,"0:06:39",3893.46,9060.8,3782.71,3800.69,510.26,2471.58,366.28,2082,"16","dragonflye_long","Lerminiaux_isolateH"
486.6388,"0:08:06",3898.27,8487.04,3786.61,3805.08,0.01,2469.92,273.28,1932.27,"8","dragonflye_long","Lerminiaux_isolateH"
1701.0479,"0:28:21",4045.19,58823.4,3915.87,3939.46,28.55,25259.43,474.58,9862.67,"16","hybracter_hybrid","Lerminiaux_isolateH"
2452.7119,"0:40:52",4145.41,26035.54,4005.36,4032.38,35.79,25247.22,355.98,10229.4,"8","hybracter_hybrid","Lerminiaux_isolateH"
1448.4339,"0:24:08",4053.65,27742.42,3925.04,3948.47,0.09,8389.55,559.16,9064.44,"16","hybracter_long","Lerminiaux_isolateH"
1995.2559,"0:33:15",4312.33,27670.95,4184.45,4212.77,4.73,8358.46,400.45,9305.49,"8","hybracter_long","Lerminiaux_isolateH"
3317.6455,"0:55:17",4656.97,5815.95,4727.5,4727.63,22.82,4403.18,1405.77,47308.38,"16","unicycler","Lerminiaux_isolateH"
8074.2277,"2:14:34",4740.65,6832.92,4720.26,4724.84,798.63,58343.2,670.52,55972.35,"8","unicycler","Lerminiaux_isolateH"
542.5052,"0:09:02",3788.05,9066.62,3692.4,3709.61,0,3126.81,372.47,2928.31,"16","dragonflye_hybrid","Lerminiaux_isolateI"
798.9263,"0:13:18",3777.05,4651.8,3681.95,3699.41,0,3592.99,328.16,2978.87,"8","dragonflye_hybrid","Lerminiaux_isolateI"
523.8813,"0:08:43",3736.82,9066.65,3633.45,3655.05,0,2532.82,390.34,2984.73,"16","dragonflye_long","Lerminiaux_isolateI"
764.5186,"0:12:44",3784.85,8329.09,3688.88,3706.44,0,2531.54,338.16,2907.36,"8","dragonflye_long","Lerminiaux_isolateI"
4149.2013,"1:09:09",7583.71,28639.96,7625.25,7636.76,550.19,24350.74,728.33,31948.46,"16","hybracter_hybrid","Lerminiaux_isolateI"
6080.5349,"1:41:20",4192.8,26169.77,4093.88,4116.81,20.81,24316.77,467.34,30272.73,"8","hybracter_hybrid","Lerminiaux_isolateI"
3038.8905,"0:50:38",4493.16,28609.55,4464.11,4471.87,10.96,8779.65,698.44,22433.12,"16","hybracter_long","Lerminiaux_isolateI"
4125.2494,"1:08:45",3877.39,27530.2,3753.1,3779.42,0.09,8650.39,511.02,22047.49,"8","hybracter_long","Lerminiaux_isolateI"
4206.7619,"1:10:06",7462.38,13804.04,7447.04,7451.94,742.83,48358,1213.02,53477.3,"16","unicycler","Lerminiaux_isolateI"
7469.3875,"2:04:29",4707.04,6826.97,4690.01,4693.79,742.83,50220.4,679.81,52636.99,"8","unicycler","Lerminiaux_isolateI"
356.0674,"0:05:56",3323.16,8993.93,3211.94,3229.51,0,2029.55,205.77,1330.65,"16","dragonflye_hybrid","Lerminiaux_isolateJ"
539.0766,"0:08:59",3431.2,8420.18,3305.16,3323.53,0,2190.38,305.37,2157.44,"8","dragonflye_hybrid","Lerminiaux_isolateJ"
331.5291,"0:05:31",3310.43,8993.95,3198.68,3216.3,0,1384.43,220.65,1275.71,"16","dragonflye_long","Lerminiaux_isolateJ"
430.8831,"0:07:10",2769.59,8420.15,2670.62,2688.72,0,1384.51,260.83,1511.18,"8","dragonflye_long","Lerminiaux_isolateJ"
2104.1369,"0:35:04",3406.62,8267.01,3263.33,3286.52,8.87,17006.98,524.03,11304.4,"16","hybracter_hybrid","Lerminiaux_isolateJ"
2827.5209,"0:47:07",2791.21,4435.48,2661.23,2688.81,19.59,16986.81,347.16,10763.8,"8","hybracter_hybrid","Lerminiaux_isolateJ"
1644.1144,"0:27:24",4129.5,27492.78,4100.35,4107.94,0.07,5344.07,571.44,10010.7,"16","hybracter_long","Lerminiaux_isolateJ"
1986.9959,"0:33:06",4094.62,27457.42,4052.75,4063,0.07,5202.29,427.5,9965.13,"8","hybracter_long","Lerminiaux_isolateJ"
3325.122,"0:55:25",6238.42,13803.72,6223.89,6228.82,481.6,42701,1173.97,42320.04,"16","unicycler","Lerminiaux_isolateJ"
5796.1712,"1:36:36",4636.6,6571.66,4619.23,4623.05,337.69,44470.81,675.71,40580.79,"8","unicycler","Lerminiaux_isolateJ"
523.8496,"0:08:43",4041.5,9063.6,3928.57,3946.56,16.16,3303.48,353.17,2904.6,"16","dragonflye_hybrid","Lerminiaux_isolateK"
728.567,"0:12:08",4409.17,8489.82,4294.97,4314.62,15.27,3812.59,319.84,2682.4,"8","dragonflye_hybrid","Lerminiaux_isolateK"
483.5657,"0:08:03",3518.09,8999.58,3402.85,3421.39,518.4,2527.38,376.61,2671.89,"16","dragonflye_long","Lerminiaux_isolateK"
558.401,"0:09:18",4290.77,8489.8,4180.35,4198.55,16.3,2526.99,261.01,1964.49,"8","dragonflye_long","Lerminiaux_isolateK"
2013.3238,"0:33:33",4935.25,28755.02,4802.32,4827.84,627.8,28723.47,353.35,8821.28,"16","hybracter_hybrid","Lerminiaux_isolateK"
2599.6935,"0:43:19",4573.79,27411.45,4426.72,4456.08,0.28,28979.39,257.13,8677.6,"8","hybracter_hybrid","Lerminiaux_isolateK"
1524.4426,"0:25:24",4355.68,26393.23,4226.18,4250.12,0.09,7259.97,414.61,7592.07,"16","hybracter_long","Lerminiaux_isolateK"
1608.1273,"0:26:48",4607.1,24824.11,4463,4491.26,2.2,7268.87,348.87,6686.77,"8","hybracter_long","Lerminiaux_isolateK"
4620.1725,"1:17:00",6142.49,13570.93,6127.12,6132.26,402.99,49634.92,1251.7,60840.98,"16","unicycler","Lerminiaux_isolateK"
8340.9252,"2:19:00",4720.34,6850.86,4703.12,4706.92,847.8,51007.98,695.46,59653.09,"8","unicycler","Lerminiaux_isolateK"
452.694,"0:07:32",4153.8,9053.55,4138.14,4139.49,252.71,2800.77,458.16,2741.36,"16","dragonflye_hybrid","Lerminiaux_isolateL"
758.8276,"0:12:38",4030.18,8479.8,3920.05,3938.03,0,3162.96,399.86,3538.01,"8","dragonflye_hybrid","Lerminiaux_isolateL"
437.9083,"0:07:17",3883.88,8989.57,3774.15,3792.13,0,2523.96,512.78,2782.63,"16","dragonflye_long","Lerminiaux_isolateL"
676.0546,"0:11:16",3948.94,8479.79,3837.33,3855.45,0,2524.99,387.5,2871.62,"8","dragonflye_long","Lerminiaux_isolateL"
1604.32,"0:26:44",4172.04,28802.3,4142,4148.87,22.19,22149.46,521.68,9811.78,"16","hybracter_hybrid","Lerminiaux_isolateL"
2466.1363,"0:41:06",3975.71,24752.61,3835.92,3862.63,23.22,22023.62,387.37,11001.16,"8","hybracter_hybrid","Lerminiaux_isolateL"
1484.5284,"0:24:44",4200.54,25159.09,4171.48,4178.38,0.06,7964.91,641.2,10348.93,"16","hybracter_long","Lerminiaux_isolateL"
2612.5514,"0:43:32",4928.91,27493.61,4779.43,4810.45,0.04,8102.68,394.3,11423.33,"8","hybracter_long","Lerminiaux_isolateL"
4083.2004,"1:08:03",5279.07,13549.21,5263.01,5267.97,103.89,58364.35,1152.08,50018.63,"16","unicycler","Lerminiaux_isolateL"
7301.7433,"2:01:41",4726.7,6828.26,4709.23,4713.11,767.96,60101.78,651.98,49492.47,"8","unicycler","Lerminiaux_isolateL"
